,left_id,right_id,identifier,pearson,spearman,dcor,mic,kendall_tau,mutual_info,js_distance,left_variable,right_variable,var_combination_key,expected_corr
0,1,1,"[soil_temperature, soil_temperature], FINAL",1.0,0.9999999999999999,1.0,0.9999999876540085,1.0,0.9999999999806991,1.0,soil_temperature,soil_temperature,"['soil_temperature', 'soil_temperature']",1.0
1,1,2,"[soil_temperature, global_radiation], FINAL",0.34128442357700106,0.27913493048820637,0.32900244955897084,0.09666786796076371,0.20086577499108094,0.045767056431692134,0.34745251937640154,soil_temperature,global_radiation,"['global_radiation', 'soil_temperature']",0.5
2,1,3,"[soil_temperature, relative_humidity], FINAL",-0.33071658257785436,-0.2959406194207866,0.29701829342018354,0.08462588785930364,-0.20135952512280159,0.034060805934368776,0.5971734914865849,soil_temperature,relative_humidity,"['relative_humidity', 'soil_temperature']",0.5
3,1,4,"[soil_temperature, air_temperature], FINAL",0.8825527056448884,0.8946497485241344,0.8726795199797269,0.6141307590269932,0.7082825152057457,0.23037979436058503,0.7894678685983441,soil_temperature,air_temperature,"['air_temperature', 'soil_temperature']",0.9
4,1,5,"[soil_temperature, precipitation], FINAL",0.0161173001260484,-0.03960667288419755,0.03865997680849087,0.01307908777571124,-0.03175768269919428,0.0,0.029722726311403935,soil_temperature,precipitation,"['precipitation', 'soil_temperature']",0.0
5,1,6,"[soil_temperature, wind_speed], FINAL",-0.15684327917028154,-0.1138546258431437,0.15969565526981705,0.04033788738130939,-0.07626575587645293,0.021186208840962575,0.5790392003193301,soil_temperature,wind_speed,"['soil_temperature', 'wind_speed']",0.0
6,1,7,"[soil_temperature, soil_temperature], FINAL",0.9210159516638307,0.9410013754436309,0.9275110119444951,0.7508601519400661,0.7879756867188106,0.3317971503118478,0.7103592290871424,soil_temperature,soil_temperature,"['soil_temperature', 'soil_temperature']",0.8
8,1,10,"[soil_temperature, global_radiation], FINAL",0.30268634905976993,0.2438365915425004,0.29288620321770786,0.07991903787481273,0.1780287521921612,0.05216839003083088,0.3204367715364075,soil_temperature,global_radiation,"['global_radiation', 'soil_temperature']",0.5
9,1,11,"[soil_temperature, relative_humidity], FINAL",-0.32255105272233403,-0.292877149759716,0.29671330755217623,0.10233501559134989,-0.19758146821797895,0.04145337137429695,0.5730612091517795,soil_temperature,relative_humidity,"['relative_humidity', 'soil_temperature']",0.5
10,1,12,"[soil_temperature, relative_humidity], FINAL",-0.3248538656782791,-0.29244989919233516,0.2977316770056451,0.09849521169733869,-0.19935262991135305,0.0415098713376885,0.5573890344167631,soil_temperature,relative_humidity,"['relative_humidity', 'soil_temperature']",0.5
12,1,15,"[soil_temperature, air_temperature], FINAL",0.8828858548837235,0.8939041885657841,0.876325998209506,0.6081275233594452,0.7051867528032459,0.24920760769911535,0.772643054327066,soil_temperature,air_temperature,"['air_temperature', 'soil_temperature']",0.9
13,1,16,"[soil_temperature, air_temperature], FINAL",0.8837823725096979,0.8949796588119174,0.8776467328850586,0.610252803632256,0.7066611082014966,0.24943714721724689,0.7781656508388737,soil_temperature,air_temperature,"['air_temperature', 'soil_temperature']",0.9
15,1,19,"[soil_temperature, precipitation], FINAL",0.007487335897652421,-0.043832643249183664,0.039022597472701356,0.012437259477701242,-0.03560971091840249,0.0,0.011935473598361335,soil_temperature,precipitation,"['precipitation', 'soil_temperature']",0.0
16,1,20,"[soil_temperature, precipitation], FINAL",0.015699281938684438,-0.09389861808505687,0.07143581665741901,0.021815597153693373,-0.07534835425531641,0.0,0.04543811670113895,soil_temperature,precipitation,"['precipitation', 'soil_temperature']",0.0
17,1,21,"[soil_temperature, precipitation], FINAL",0.0166208551228968,-0.08200835810868068,0.06429193828978241,0.021048698629796588,-0.0654422593544681,0.0,0.05324249221152444,soil_temperature,precipitation,"['precipitation', 'soil_temperature']",0.0
18,1,23,"[soil_temperature, wind_speed], FINAL",-0.14210116423771377,-0.11148502132633244,0.1419228042676884,0.033526967166371296,-0.0752625623363018,0.02505383267635998,0.6911014012229345,soil_temperature,wind_speed,"['soil_temperature', 'wind_speed']",0.0
19,1,24,"[soil_temperature, wind_speed], FINAL",-0.14124958505017987,-0.10731029788969773,0.1432290725528841,0.03344017387228911,-0.07245326402892024,0.026099207098804728,0.6763072586232514,soil_temperature,wind_speed,"['soil_temperature', 'wind_speed']",0.0
20,2,1,"[global_radiation, soil_temperature], FINAL",0.34128442357700106,0.27913493048820637,0.32900244955897223,0.09666786796076371,0.20086577499108094,0.045767056431692134,0.34745251937640154,global_radiation,soil_temperature,"['global_radiation', 'soil_temperature']",0.5
21,2,2,"[global_radiation, global_radiation], FINAL",0.9999999999999902,0.9999999999999998,1.0,0.9999999995061587,0.9999999999999999,0.9999999998748248,1.0,global_radiation,global_radiation,"['global_radiation', 'global_radiation']",1.0
22,2,3,"[global_radiation, relative_humidity], FINAL",-0.66850767679835,-0.5824952277156189,0.6492393717450966,0.28445830368558767,-0.43366795949913656,0.1209540421259784,0.2599016466962639,global_radiation,relative_humidity,"['global_radiation', 'relative_humidity']",0.5
23,2,4,"[global_radiation, air_temperature], FINAL",0.5474291095771084,0.48015504807381765,0.5260072850993924,0.20337417400604688,0.35145038243288607,0.09482793555859463,0.35499701018790786,global_radiation,air_temperature,"['air_temperature', 'global_radiation']",0.5
24,2,5,"[global_radiation, precipitation], FINAL",-0.06628284881037191,-0.06413650092849173,0.10077254219895623,0.02464684394528207,-0.05512077697872684,0.0,0.023106370258122233,global_radiation,precipitation,"['global_radiation', 'precipitation']",0.0
25,2,6,"[global_radiation, wind_speed], FINAL",0.18129589554827164,0.30514780507951444,0.2566352134785093,0.09455666815720033,0.2189982959351695,0.05464259770237321,0.36435253443480564,global_radiation,wind_speed,"['global_radiation', 'wind_speed']",0.0
26,2,7,"[global_radiation, soil_temperature], FINAL",0.6201335885652901,0.47529451279862955,0.570842909639485,0.24883021890648613,0.35368419497615244,0.1171269580831788,0.3634867041600669,global_radiation,soil_temperature,"['global_radiation', 'soil_temperature']",0.5
28,2,10,"[global_radiation, global_radiation], FINAL",0.8886260222666245,0.914648829071575,0.8866088998139809,0.7055169964331405,0.8045895225949276,0.33991938878133204,0.946065618795624,global_radiation,global_radiation,"['global_radiation', 'global_radiation']",0.8
29,2,11,"[global_radiation, relative_humidity], FINAL",-0.7353805597702957,-0.6157915340385601,0.7150631781215749,0.3487033956405305,-0.4682157225817171,0.1586887669111149,0.27014254175516195,global_radiation,relative_humidity,"['global_radiation', 'relative_humidity']",0.5
30,2,12,"[global_radiation, relative_humidity], FINAL",-0.7237439434492084,-0.6089534429575867,0.7050460896947532,0.3376905108918,-0.46555068599885713,0.15363057266726726,0.2608583205991907,global_radiation,relative_humidity,"['global_radiation', 'relative_humidity']",0.5
32,2,15,"[global_radiation, air_temperature], FINAL",0.5751668581142654,0.49142545070080046,0.5507159355801324,0.23342955262561516,0.3637981912104431,0.11209305918679928,0.33225542293064747,global_radiation,air_temperature,"['air_temperature', 'global_radiation']",0.5
33,2,16,"[global_radiation, air_temperature], FINAL",0.5719931438117025,0.4887984319789298,0.5477019484714034,0.22908833139589385,0.3612449903356557,0.11163111430915855,0.359980944567886,global_radiation,air_temperature,"['air_temperature', 'global_radiation']",0.5
35,2,19,"[global_radiation, precipitation], FINAL",-0.04321401127694097,-0.0498994060520185,0.07039072606981507,0.018132230226957088,-0.04337343975729429,0.0,0.018492917262776687,global_radiation,precipitation,"['global_radiation', 'precipitation']",0.0
36,2,20,"[global_radiation, precipitation], FINAL",-0.03845371258885445,-0.08696270189177363,0.10136271392231319,0.03026860606431582,-0.07486317244340412,0.0,0.0478167607076585,global_radiation,precipitation,"['global_radiation', 'precipitation']",0.0
37,2,21,"[global_radiation, precipitation], FINAL",-0.07162584405639655,-0.09537113171355072,0.11891450203871444,0.035549939777954266,-0.0816290599270035,0.0,0.03812069438867194,global_radiation,precipitation,"['global_radiation', 'precipitation']",0.0
38,2,23,"[global_radiation, wind_speed], FINAL",0.12244970701486743,0.20613655498884928,0.1737984178915332,0.04288511130604725,0.14744973544992904,0.05232462566155166,0.37516874818946067,global_radiation,wind_speed,"['global_radiation', 'wind_speed']",0.0
39,2,24,"[global_radiation, wind_speed], FINAL",0.1234381776963865,0.21035031799098128,0.1778025524970818,0.04601916801995243,0.1502182008169576,0.0511879540043554,0.36769298935731565,global_radiation,wind_speed,"['global_radiation', 'wind_speed']",0.0
40,3,1,"[relative_humidity, soil_temperature], FINAL",-0.33071658257785436,-0.2959406194207866,0.29701829342008096,0.08462588785930364,-0.20135952512280156,0.03406080593436912,0.5971734914865849,relative_humidity,soil_temperature,"['relative_humidity', 'soil_temperature']",0.5
41,3,2,"[relative_humidity, global_radiation], FINAL",-0.66850767679835,-0.5824952277156189,0.6492393717449214,0.28445830368558767,-0.4336679594991365,0.1209540421259784,0.2599016466962639,relative_humidity,global_radiation,"['global_radiation', 'relative_humidity']",0.5
42,3,3,"[relative_humidity, relative_humidity], FINAL",0.9999999999999958,1.0,1.0,0.9999899773632634,1.0,0.9999999999713187,1.0,relative_humidity,relative_humidity,"['relative_humidity', 'relative_humidity']",1.0
43,3,4,"[relative_humidity, air_temperature], FINAL",-0.5701286215610308,-0.5209011944863177,0.5251597840265021,0.22882729581997738,-0.36642529715937866,0.08203710398880097,0.6645704118904281,relative_humidity,air_temperature,"['air_temperature', 'relative_humidity']",0.5
44,3,5,"[relative_humidity, precipitation], FINAL",0.11826700461376083,0.23561425181443332,0.19379729988440403,0.05124215475617914,0.19008842526698613,0.0,0.040929046658494284,relative_humidity,precipitation,"['precipitation', 'relative_humidity']",0.0
45,3,6,"[relative_humidity, wind_speed], FINAL",-0.3244221502141434,-0.45917531179077986,0.3806177983569651,0.1644664917560921,-0.31024754145414785,0.05730907294038492,0.4777134575087002,relative_humidity,wind_speed,"['relative_humidity', 'wind_speed']",0.0
46,3,7,"[relative_humidity, soil_temperature], FINAL",-0.5250027980299123,-0.41761932884688696,0.46898964460241105,0.20011796199732992,-0.28816414676694074,0.07462800376161327,0.5458380005620544,relative_humidity,soil_temperature,"['relative_humidity', 'soil_temperature']",0.5
48,3,10,"[relative_humidity, global_radiation], FINAL",-0.5107366930231374,-0.43750835233982927,0.4938287683919331,0.15421444039145765,-0.322677671396721,0.0916308476010849,0.24902400677153191,relative_humidity,global_radiation,"['global_radiation', 'relative_humidity']",0.5
49,3,11,"[relative_humidity, relative_humidity], FINAL",0.9511953381105038,0.9490715157614029,0.9371156119468215,0.7165229632501339,0.8217278769999093,0.37646232794439166,0.8099491447984286,relative_humidity,relative_humidity,"['relative_humidity', 'relative_humidity']",0.8
50,3,12,"[relative_humidity, relative_humidity], FINAL",0.9599651742387001,0.957132679166845,0.9482659909038703,0.7426338586578499,0.8430848182869568,0.4002508624199494,0.7502715089781338,relative_humidity,relative_humidity,"['relative_humidity', 'relative_humidity']",0.8
52,3,15,"[relative_humidity, air_temperature], FINAL",-0.5208431218488176,-0.46095357291563593,0.4794644775220538,0.19280207137341412,-0.32058033370235206,0.07446148397782788,0.6076318279212682,relative_humidity,air_temperature,"['air_temperature', 'relative_humidity']",0.5
53,3,16,"[relative_humidity, air_temperature], FINAL",-0.5247944596750074,-0.46531938144556684,0.48336662222275567,0.19509626821308637,-0.3237521515644805,0.07584908391487417,0.6127109747477022,relative_humidity,air_temperature,"['air_temperature', 'relative_humidity']",0.5
55,3,19,"[relative_humidity, precipitation], FINAL",0.07059727221515899,0.1475335673697011,0.11954560083698518,0.02259006087978356,0.12019278073458543,0.0,0.01825939181994407,relative_humidity,precipitation,"['precipitation', 'relative_humidity']",0.0
56,3,20,"[relative_humidity, precipitation], FINAL",0.07696840081124401,0.22828435164925528,0.17215808342104108,0.04799876651145422,0.18421132058685769,0.0,0.05230433394894207,relative_humidity,precipitation,"['precipitation', 'relative_humidity']",0.0
57,3,21,"[relative_humidity, precipitation], FINAL",0.12498408275423077,0.2661176096696242,0.20744106108427388,0.0633043745738155,0.21390563957571285,0.0,0.05765491147362012,relative_humidity,precipitation,"['precipitation', 'relative_humidity']",0.0
58,3,23,"[relative_humidity, wind_speed], FINAL",-0.23917376491812714,-0.3515933835885542,0.2886641524398511,0.1037312265137235,-0.23618262645346574,0.046095423092670215,0.50526412750955,relative_humidity,wind_speed,"['relative_humidity', 'wind_speed']",0.0
59,3,24,"[relative_humidity, wind_speed], FINAL",-0.2646747304467905,-0.3886075844515819,0.3190111223216264,0.125726974349259,-0.26133525192838214,0.0523286495320382,0.5022206442834481,relative_humidity,wind_speed,"['relative_humidity', 'wind_speed']",0.0
60,4,1,"[air_temperature, soil_temperature], FINAL",0.8825527056448884,0.8946497485241343,0.8726795199797716,0.6141307590269932,0.7082825152057457,0.23037979436058503,0.7894678685983441,air_temperature,soil_temperature,"['air_temperature', 'soil_temperature']",0.9
61,4,2,"[air_temperature, global_radiation], FINAL",0.5474291095771084,0.48015504807381765,0.5260072850994088,0.20337417400604688,0.3514503824328861,0.09482793555859463,0.35499701018790786,air_temperature,global_radiation,"['air_temperature', 'global_radiation']",0.5
62,4,3,"[air_temperature, relative_humidity], FINAL",-0.5701286215610308,-0.5209011944863177,0.5251597840272112,0.22882729581997738,-0.36642529715937866,0.08203710398880132,0.6645704118904281,air_temperature,relative_humidity,"['air_temperature', 'relative_humidity']",0.5
63,4,4,"[air_temperature, air_temperature], FINAL",0.999999999999999,1.0,1.0,0.9999997800266065,1.0,0.9999999999447946,1.0,air_temperature,air_temperature,"['air_temperature', 'air_temperature']",1.0
64,4,5,"[air_temperature, precipitation], FINAL",0.012065308840382023,-0.03979696535667537,0.062085338253833375,0.029981897519383845,-0.03152488790131306,0.0,0.03141377465068107,air_temperature,precipitation,"['air_temperature', 'precipitation']",0.0
65,4,6,"[air_temperature, wind_speed], FINAL",0.037310921744088184,0.0913098597601336,0.11152413650990863,0.03545965522207937,0.06128546827508966,0.028398239641862166,0.6119302342135253,air_temperature,wind_speed,"['air_temperature', 'wind_speed']",0.0
66,4,7,"[air_temperature, soil_temperature], FINAL",0.9589578298294101,0.966947933908716,0.9580749621048812,0.7678530714848514,0.8424776079009209,0.4073139164709308,0.7850442667746499,air_temperature,soil_temperature,"['air_temperature', 'soil_temperature']",0.9
68,4,10,"[air_temperature, global_radiation], FINAL",0.45110793969974006,0.38634871343635757,0.42569578574742684,0.1261060740001708,0.28325594278991484,0.08535556280691547,0.34873149136053017,air_temperature,global_radiation,"['air_temperature', 'global_radiation']",0.5
69,4,11,"[air_temperature, relative_humidity], FINAL",-0.5460666172763786,-0.4950976716137359,0.5035483327250933,0.19223047780190874,-0.3453663923278288,0.07990782113210143,0.6517604925836247,air_temperature,relative_humidity,"['air_temperature', 'relative_humidity']",0.5
70,4,12,"[air_temperature, relative_humidity], FINAL",-0.5497086904534472,-0.49721024792384316,0.5066609911449589,0.1949195107850414,-0.34990945573039756,0.08091039329415148,0.6272542207114438,air_temperature,relative_humidity,"['air_temperature', 'relative_humidity']",0.5
72,4,15,"[air_temperature, air_temperature], FINAL",0.9888485529793853,0.9902741582019022,0.9860406221787932,0.8806219082347058,0.9274453181123818,0.5849359571952483,0.9614216485930767,air_temperature,air_temperature,"['air_temperature', 'air_temperature']",0.8
73,4,16,"[air_temperature, air_temperature], FINAL",0.9910442356867558,0.9922323318946868,0.9887614404461894,0.8951493985533695,0.9361132590396092,0.6049417199147659,0.9635809288640751,air_temperature,air_temperature,"['air_temperature', 'air_temperature']",0.8
75,4,19,"[air_temperature, precipitation], FINAL",0.013943410682245349,-0.034558422343856345,0.04031040293536455,0.014983918054721813,-0.027951784150728413,0.0,0.010951846794838627,air_temperature,precipitation,"['air_temperature', 'precipitation']",0.0
76,4,20,"[air_temperature, precipitation], FINAL",0.018817784382290478,-0.08098681667063448,0.0717702348816136,0.023151678982712098,-0.06460961741098956,0.0,0.048134396338179175,air_temperature,precipitation,"['air_temperature', 'precipitation']",0.0
77,4,21,"[air_temperature, precipitation], FINAL",0.017068660441377212,-0.06688981356607573,0.06712518189318772,0.024736007953837028,-0.053043190649559556,0.0,0.04824064219399571,air_temperature,precipitation,"['air_temperature', 'precipitation']",0.0
78,4,23,"[air_temperature, wind_speed], FINAL",0.024072274190905827,0.048291259620438405,0.07503662346575087,0.017007560142762234,0.031930740623187175,0.02487089526856984,0.7551013870341051,air_temperature,wind_speed,"['air_temperature', 'wind_speed']",0.0
79,4,24,"[air_temperature, wind_speed], FINAL",0.033639174026173405,0.06314575557332526,0.08465059788891169,0.022132216050601703,0.04186287978742209,0.02691260273284938,0.7390263416808154,air_temperature,wind_speed,"['air_temperature', 'wind_speed']",0.0
80,5,1,"[precipitation, soil_temperature], FINAL",0.0161173001260484,-0.03960667288419755,0.038659976807758616,0.01307908777571124,-0.03175768269919428,0.0,0.029722726311403935,precipitation,soil_temperature,"['precipitation', 'soil_temperature']",0.0
81,5,2,"[precipitation, global_radiation], FINAL",-0.06628284881037191,-0.06413650092849171,0.10077254219889897,0.02464684394528207,-0.055120776978726846,0.0,0.023106370258122233,precipitation,global_radiation,"['global_radiation', 'precipitation']",0.0
82,5,3,"[precipitation, relative_humidity], FINAL",0.11826700461376083,0.2356142518144333,0.1937972998843921,0.05124215475617914,0.1900884252669861,0.0,0.040929046658494284,precipitation,relative_humidity,"['precipitation', 'relative_humidity']",0.0
83,5,4,"[precipitation, air_temperature], FINAL",0.012065308840382023,-0.03979696535667537,0.062085338252636284,0.029981897519383845,-0.03152488790131306,0.0,0.03141377465068107,precipitation,air_temperature,"['air_temperature', 'precipitation']",0.0
84,5,5,"[precipitation, precipitation], FINAL",1.0,1.0,1.0,0.4254834067367049,1.0,0.0,1.0,precipitation,precipitation,"['precipitation', 'precipitation']",1.0
85,5,6,"[precipitation, wind_speed], FINAL",0.09711057386274895,0.09689984252277407,0.08650758403932282,0.01847702098544988,0.07820046289877558,0.0,0.02195754683640261,precipitation,wind_speed,"['precipitation', 'wind_speed']",0.0
86,5,7,"[precipitation, soil_temperature], FINAL",0.004313245656426037,-0.04372678486025525,0.05450904200788391,0.027005361684090637,-0.034823305715741125,0.0,0.03117837207359697,precipitation,soil_temperature,"['precipitation', 'soil_temperature']",0.0
88,5,10,"[precipitation, global_radiation], FINAL",-0.05715705987903629,-0.07464368224558204,0.09172675005934859,0.020317166626543915,-0.06505820488605173,0.0,0.03185046733003949,precipitation,global_radiation,"['global_radiation', 'precipitation']",0.0
89,5,11,"[precipitation, relative_humidity], FINAL",0.11104402051938633,0.2432802427944435,0.19465083827736177,0.05684518984027006,0.19539597631109923,0.0,0.045945620751104865,precipitation,relative_humidity,"['precipitation', 'relative_humidity']",0.0
90,5,12,"[precipitation, relative_humidity], FINAL",0.11133944071375355,0.24361792685979838,0.1945280689109412,0.05127280340027084,0.19762947695124916,0.0,0.010176398886199256,precipitation,relative_humidity,"['precipitation', 'relative_humidity']",0.0
92,5,15,"[precipitation, air_temperature], FINAL",0.019584569461136684,-0.026917654172408302,0.06348544682360673,0.034995353668386305,-0.021056876625419513,0.0,0.04022536699386725,precipitation,air_temperature,"['air_temperature', 'precipitation']",0.0
93,5,16,"[precipitation, air_temperature], FINAL",0.02028283960558801,-0.025846045250070244,0.06257808181136303,0.0351732166646172,-0.020204474122284755,0.0,0.03180433892443124,precipitation,air_temperature,"['air_temperature', 'precipitation']",0.0
95,5,19,"[precipitation, precipitation], FINAL",0.18263548764279308,0.3582166196503863,0.3535362561443179,0.05087979610208571,0.3497950928788671,0.0,3.794105398446934e-05,precipitation,precipitation,"['precipitation', 'precipitation']",0.0
96,5,20,"[precipitation, precipitation], FINAL",0.196015108033399,0.49500502024438564,0.47169468779251,0.10332257576387929,0.4803367344288396,0.0,7.764153100886517e-05,precipitation,precipitation,"['precipitation', 'precipitation']",0.0
97,5,21,"[precipitation, precipitation], FINAL",0.4703930157835387,0.6294054283585241,0.6609043718950932,0.17826664289058847,0.6113821811808451,0.0,3.3220093342833934e-12,precipitation,precipitation,"['precipitation', 'precipitation']",0.0
98,5,23,"[precipitation, wind_speed], FINAL",0.09580219882164807,0.0786577862326402,0.08246774939512014,0.015713859709678916,0.06357889657586586,0.0,0.015332220255739881,precipitation,wind_speed,"['precipitation', 'wind_speed']",0.0
99,5,24,"[precipitation, wind_speed], FINAL",0.10082491844653978,0.08252766802740592,0.08434856861651337,0.017392515277905495,0.0667354339862998,0.0,0.018883012522154075,precipitation,wind_speed,"['precipitation', 'wind_speed']",0.0
100,6,1,"[wind_speed, soil_temperature], FINAL",-0.15684327917028154,-0.1138546258431437,0.15969565526948287,0.04033788738130939,-0.07626575587645294,0.021186208840962215,0.5790392003193301,wind_speed,soil_temperature,"['soil_temperature', 'wind_speed']",0.0
101,6,2,"[wind_speed, global_radiation], FINAL",0.18129589554827164,0.30514780507951444,0.2566352134783928,0.09455666815720033,0.2189982959351695,0.05464259770237367,0.36435253443480564,wind_speed,global_radiation,"['global_radiation', 'wind_speed']",0.0
102,6,3,"[wind_speed, relative_humidity], FINAL",-0.3244221502141434,-0.45917531179077975,0.38061779835676174,0.1644664917560921,-0.31024754145414785,0.05730907294038456,0.4777134575087002,wind_speed,relative_humidity,"['relative_humidity', 'wind_speed']",0.0
103,6,4,"[wind_speed, air_temperature], FINAL",0.037310921744088184,0.0913098597601336,0.11152413650949686,0.03545965522207937,0.06128546827508966,0.028398239641862166,0.6119302342135253,wind_speed,air_temperature,"['air_temperature', 'wind_speed']",0.0
104,6,5,"[wind_speed, precipitation], FINAL",0.09711057386274895,0.09689984252277407,0.08650758403904586,0.01847702098544988,0.07820046289877558,0.0,0.02195754683640261,wind_speed,precipitation,"['precipitation', 'wind_speed']",0.0
105,6,6,"[wind_speed, wind_speed], FINAL",1.0,1.0,1.0,0.9999977831529412,1.0,0.9999999998169611,1.0,wind_speed,wind_speed,"['wind_speed', 'wind_speed']",1.0
106,6,7,"[wind_speed, soil_temperature], FINAL",-0.08613493956738397,-0.05054108970756502,0.12518807842974142,0.03163573607479575,-0.03205186926035957,0.02888156149031051,0.6187800359184428,wind_speed,soil_temperature,"['soil_temperature', 'wind_speed']",0.0
108,6,10,"[wind_speed, global_radiation], FINAL",0.1290135132307452,0.24049990015444123,0.1918341001293525,0.060400386933051116,0.17417484173735043,0.05880704270704904,0.362674760300036,wind_speed,global_radiation,"['global_radiation', 'wind_speed']",0.0
109,6,11,"[wind_speed, relative_humidity], FINAL",-0.29792264576242194,-0.42306697707407037,0.3502891242723803,0.14793475760982833,-0.28436975613175025,0.058032118532630926,0.48073434011202654,wind_speed,relative_humidity,"['relative_humidity', 'wind_speed']",0.0
110,6,12,"[wind_speed, relative_humidity], FINAL",-0.29792262095070293,-0.42173344980506233,0.349614598704418,0.146402053478353,-0.2861512577802611,0.057908753552697305,0.4704280248776185,wind_speed,relative_humidity,"['relative_humidity', 'wind_speed']",0.0
112,6,15,"[wind_speed, air_temperature], FINAL",0.000152258603311764,0.04056419070505897,0.09079356521535638,0.03217465362177485,0.02790783916462195,0.029975694812892143,0.6284116321664057,wind_speed,air_temperature,"['air_temperature', 'wind_speed']",0.0
113,6,16,"[wind_speed, air_temperature], FINAL",-0.002050086656937903,0.0391156093004225,0.09148591556070758,0.032671107178468876,0.02693152691565612,0.030403919306333762,0.6286768898325577,wind_speed,air_temperature,"['air_temperature', 'wind_speed']",0.0
115,6,19,"[wind_speed, precipitation], FINAL",0.02597367641038104,0.031294882545378516,0.028959952578879133,0.010198255560618824,0.025546620057346592,0.0,0.0061288507699613914,wind_speed,precipitation,"['precipitation', 'wind_speed']",0.0
116,6,20,"[wind_speed, precipitation], FINAL",0.02229454164243612,0.054112549125347784,0.044370313916474,0.012649813031794466,0.04362322281273011,0.0,0.03981903971409917,wind_speed,precipitation,"['precipitation', 'wind_speed']",0.0
117,6,21,"[wind_speed, precipitation], FINAL",0.039508964926298705,0.08080538836443962,0.061299686583777456,0.015280493893730865,0.06472665017610905,0.0,0.03419457683065297,wind_speed,precipitation,"['precipitation', 'wind_speed']",0.0
118,6,23,"[wind_speed, wind_speed], FINAL",0.8880295498724153,0.8742825700934429,0.8614238510153925,0.543912850102101,0.7064383472928606,0.25182068443123384,0.6962120352106294,wind_speed,wind_speed,"['wind_speed', 'wind_speed']",0.8
119,6,24,"[wind_speed, wind_speed], FINAL",0.9315860557346528,0.9282950295757836,0.9168367424203219,0.6616186365795088,0.78502914080801,0.3304255864019831,0.7214746917573136,wind_speed,wind_speed,"['wind_speed', 'wind_speed']",0.8
120,7,7,"[soil_temperature, soil_temperature], FINAL",0.9999999999999981,0.9999999999999999,1.0,0.9999982087832464,1.0,0.9999999999414245,1.0,soil_temperature,soil_temperature,"['soil_temperature', 'soil_temperature']",1.0
122,7,10,"[soil_temperature, global_radiation], FINAL",0.5471333684444217,0.44484520145214973,0.5087615854581488,0.18035988710576636,0.32976707698184643,0.0803627043412409,0.3500806642180071,soil_temperature,global_radiation,"['global_radiation', 'soil_temperature']",0.5
123,7,11,"[soil_temperature, relative_humidity], FINAL",-0.5745459732467658,-0.4762128649820283,0.5213023598721795,0.2374180397201868,-0.3319923120692568,0.06855711148243943,0.593149817476163,soil_temperature,relative_humidity,"['relative_humidity', 'soil_temperature']",0.5
124,7,12,"[soil_temperature, relative_humidity], FINAL",-0.5754098571398873,-0.47754736061637515,0.5221939121976751,0.23896209595244894,-0.33598266568513063,0.07011614276029376,0.5765486772456736,soil_temperature,relative_humidity,"['relative_humidity', 'soil_temperature']",0.5
126,7,15,"[soil_temperature, air_temperature], FINAL",0.9641021083624776,0.9705707647495927,0.9597396565426729,0.7789609268105487,0.8545211098341677,0.3566464152737845,0.827879105847667,soil_temperature,air_temperature,"['air_temperature', 'soil_temperature']",0.9
127,7,16,"[soil_temperature, air_temperature], FINAL",0.9649388958134386,0.9714463136317625,0.9608448170349281,0.7812049011798085,0.8568731751946564,0.36047319074060236,0.8321692058264408,soil_temperature,air_temperature,"['air_temperature', 'soil_temperature']",0.9
129,7,19,"[soil_temperature, precipitation], FINAL",-0.0021410297597175766,-0.04010981641185644,0.04690686385241416,0.007665657807517685,-0.03247121907622209,0.0,0.0026568567548139743,soil_temperature,precipitation,"['precipitation', 'soil_temperature']",0.0
130,7,20,"[soil_temperature, precipitation], FINAL",-0.0004945572107409608,-0.08245504962966234,0.06916441901349493,0.015990166313939985,-0.06590820165947889,0.0,0.031237669306670823,soil_temperature,precipitation,"['precipitation', 'soil_temperature']",0.0
131,7,21,"[soil_temperature, precipitation], FINAL",-0.00832220777781881,-0.08159232190856053,0.07502475844518833,0.020803720992670752,-0.06470095487020998,0.0,0.02880805457530078,soil_temperature,precipitation,"['precipitation', 'soil_temperature']",0.0
132,7,23,"[soil_temperature, wind_speed], FINAL",-0.08440143663794052,-0.048265017727544074,0.12405800538842363,0.026918836015264114,-0.030765003848860262,0.018244033998487705,0.761140789452904,soil_temperature,wind_speed,"['soil_temperature', 'wind_speed']",0.0
133,7,24,"[soil_temperature, wind_speed], FINAL",-0.08194573164477399,-0.04093905140812406,0.1279383807078979,0.029614267441021004,-0.025600968558162185,0.01973910201911297,0.7511194975661872,soil_temperature,wind_speed,"['soil_temperature', 'wind_speed']",0.0
284,10,7,"[global_radiation, soil_temperature], FINAL",0.5471333684444217,0.44484520145214973,0.5087615854581488,0.18035988710576636,0.3297670769818465,0.0803627043412409,0.3500806642180071,global_radiation,soil_temperature,"['global_radiation', 'soil_temperature']",0.5
286,10,10,"[global_radiation, global_radiation], FINAL",0.9999999999999843,1.0,1.0,0.9995864422218588,1.0,0.999999999237617,1.0,global_radiation,global_radiation,"['global_radiation', 'global_radiation']",1.0
287,10,11,"[global_radiation, relative_humidity], FINAL",-0.651805304670811,-0.5848521857053793,0.6410586228074477,0.2796603106634081,-0.4388025123837149,0.0928486711195469,0.25900587728349456,global_radiation,relative_humidity,"['global_radiation', 'relative_humidity']",0.5
288,10,12,"[global_radiation, relative_humidity], FINAL",-0.6294252583645107,-0.5649331461060735,0.6186929151398844,0.25783302623801285,-0.42504260458498944,0.10278624279971481,0.24693649862322142,global_radiation,relative_humidity,"['global_radiation', 'relative_humidity']",0.5
290,10,15,"[global_radiation, air_temperature], FINAL",0.5300523643875024,0.47042958261178375,0.5114818647255889,0.185156119984492,0.34801187562641883,0.06675386028071413,0.3341947933424888,global_radiation,air_temperature,"['air_temperature', 'global_radiation']",0.5
291,10,16,"[global_radiation, air_temperature], FINAL",0.5186271223343534,0.4607558200604579,0.5003960793808911,0.17582598327796461,0.34005556211867327,0.07871705561632138,0.354865250039308,global_radiation,air_temperature,"['air_temperature', 'global_radiation']",0.5
293,10,19,"[global_radiation, precipitation], FINAL",-0.047912290252516455,-0.07184338855943881,0.08782360848089604,0.013819895737760799,-0.06315228818629597,0.0,0.009234144064180216,global_radiation,precipitation,"['global_radiation', 'precipitation']",0.0
294,10,20,"[global_radiation, precipitation], FINAL",-0.05913588690024233,-0.10261448223580825,0.11184558854890227,0.025687841789438837,-0.08932141041773148,0.0,0.029553165609524257,global_radiation,precipitation,"['global_radiation', 'precipitation']",0.0
295,10,21,"[global_radiation, precipitation], FINAL",-0.07168082653042311,-0.10088447094365752,0.11205434331989984,0.02461860164994473,-0.08723963648975537,0.0,0.027903146021768355,global_radiation,precipitation,"['global_radiation', 'precipitation']",0.0
296,10,23,"[global_radiation, wind_speed], FINAL",0.11257100544155603,0.21678931267668197,0.17567340067156084,0.04070854142625866,0.1558637236547624,0.021674618629419374,0.2210586482171768,global_radiation,wind_speed,"['global_radiation', 'wind_speed']",0.0
297,10,24,"[global_radiation, wind_speed], FINAL",0.09418433549972448,0.20217116690377668,0.16065328481763885,0.03825019724710234,0.14493828486183988,0.034750213455383955,0.32586058630610437,global_radiation,wind_speed,"['global_radiation', 'wind_speed']",0.0
366,11,7,"[relative_humidity, soil_temperature], FINAL",-0.5745459732467658,-0.47621286498202836,0.5213023598719523,0.2374180397201868,-0.3319923120692568,0.06855711148243973,0.593149817476163,relative_humidity,soil_temperature,"['relative_humidity', 'soil_temperature']",0.5
368,11,10,"[relative_humidity, global_radiation], FINAL",-0.651805304670811,-0.5848521857053793,0.6410586228074506,0.2796603106634081,-0.4388025123837149,0.0928486711195469,0.25900587728349456,relative_humidity,global_radiation,"['global_radiation', 'relative_humidity']",0.5
369,11,11,"[relative_humidity, relative_humidity], FINAL",0.9999999999999736,1.0,1.0,0.9999999607167532,1.0,0.9999999998538938,1.0,relative_humidity,relative_humidity,"['relative_humidity', 'relative_humidity']",1.0
370,11,12,"[relative_humidity, relative_humidity], FINAL",0.9946016402466856,0.9936655451931595,0.9923620709900729,0.8979410950636374,0.9445899152656121,0.5653063771381361,0.7727404561551412,relative_humidity,relative_humidity,"['relative_humidity', 'relative_humidity']",0.8
372,11,15,"[relative_humidity, air_temperature], FINAL",-0.5839563862265549,-0.5288062197253361,0.543961260242929,0.24227428562367204,-0.3719185122152691,0.06334943183280481,0.6584660291691284,relative_humidity,air_temperature,"['air_temperature', 'relative_humidity']",0.5
373,11,16,"[relative_humidity, air_temperature], FINAL",-0.5828073265635529,-0.5278468091030647,0.5426675925539841,0.24023837031271822,-0.3712018925597722,0.07362927884530884,0.6720700449891559,relative_humidity,air_temperature,"['air_temperature', 'relative_humidity']",0.5
375,11,19,"[relative_humidity, precipitation], FINAL",0.07746102178958648,0.17015361612721866,0.14740180886576687,0.028787925824507746,0.1382255959388838,0.0,0.012765789172649256,relative_humidity,precipitation,"['precipitation', 'relative_humidity']",0.0
376,11,20,"[relative_humidity, precipitation], FINAL",0.10054277552019987,0.24352397078120366,0.1925977023783036,0.05855069314584951,0.19614261355029453,0.0,0.031074149052515043,relative_humidity,precipitation,"['precipitation', 'relative_humidity']",0.0
377,11,21,"[relative_humidity, precipitation], FINAL",0.1462109605269578,0.2725557085748428,0.22210357921029192,0.07521541878450216,0.21891172622013305,0.0,0.04033547453582109,relative_humidity,precipitation,"['precipitation', 'relative_humidity']",0.0
378,11,23,"[relative_humidity, wind_speed], FINAL",-0.253164942258452,-0.37361207241947,0.3079378391043243,0.10912796063555748,-0.24924828581196107,0.028236204808400465,0.3880149864240098,relative_humidity,wind_speed,"['relative_humidity', 'wind_speed']",0.0
379,11,24,"[relative_humidity, wind_speed], FINAL",-0.26003654253170383,-0.38947592748353077,0.31985392992743544,0.12635196147309974,-0.26042587067179485,0.03905817626302461,0.5288774015840845,relative_humidity,wind_speed,"['relative_humidity', 'wind_speed']",0.0
448,12,7,"[relative_humidity, soil_temperature], FINAL",-0.5754098571398873,-0.47754736061637515,0.5221939121976288,0.23896209595244894,-0.33598266568513063,0.07011614276029376,0.5765486772456736,relative_humidity,soil_temperature,"['relative_humidity', 'soil_temperature']",0.5
450,12,10,"[relative_humidity, global_radiation], FINAL",-0.6294252583645107,-0.5649331461060735,0.6186929151399012,0.25783302623801285,-0.4250426045849895,0.10278624279971438,0.24693649862322142,relative_humidity,global_radiation,"['global_radiation', 'relative_humidity']",0.5
451,12,11,"[relative_humidity, relative_humidity], FINAL",0.9946016402466856,0.9936655451931595,0.9923620709899861,0.8979410950636374,0.9445899152656121,0.5653063771381361,0.7727404561551412,relative_humidity,relative_humidity,"['relative_humidity', 'relative_humidity']",0.8
452,12,12,"[relative_humidity, relative_humidity], FINAL",1.0,1.0,1.0,0.9999737482404804,1.0,0.9999999999485013,1.0,relative_humidity,relative_humidity,"['relative_humidity', 'relative_humidity']",1.0
454,12,15,"[relative_humidity, air_temperature], FINAL",-0.5818361618552885,-0.5267108919459512,0.5416271439110657,0.24065116216977164,-0.37351391456381744,0.07546305628404192,0.6232991783773476,relative_humidity,air_temperature,"['air_temperature', 'relative_humidity']",0.5
455,12,16,"[relative_humidity, air_temperature], FINAL",-0.5831994276560933,-0.5282153500877552,0.5430371355170711,0.24162646446190855,-0.3747065939869971,0.07610030021337773,0.6184539178523676,relative_humidity,air_temperature,"['air_temperature', 'relative_humidity']",0.5
457,12,19,"[relative_humidity, precipitation], FINAL",0.07194000038691481,0.16346907939822897,0.13971690480936513,0.025100594268970853,0.13390535905664774,0.0,4.0066838735697274e-12,relative_humidity,precipitation,"['precipitation', 'relative_humidity']",0.0
458,12,20,"[relative_humidity, precipitation], FINAL",0.09483874744677931,0.2359217698286901,0.18434017238217917,0.05261403671525617,0.19159877889578433,0.0,0.016562092127464956,relative_humidity,precipitation,"['precipitation', 'relative_humidity']",0.0
459,12,21,"[relative_humidity, precipitation], FINAL",0.14724771761695363,0.2724740448326242,0.2225389270521218,0.07222316160289995,0.2207873558754636,0.0,0.022849914791129633,relative_humidity,precipitation,"['precipitation', 'relative_humidity']",0.0
460,12,23,"[relative_humidity, wind_speed], FINAL",-0.24985518855372843,-0.3674482817561865,0.3032725173213146,0.10683706074092235,-0.24728400977522466,0.03593340187863319,0.5059693380015866,relative_humidity,wind_speed,"['relative_humidity', 'wind_speed']",0.0
461,12,24,"[relative_humidity, wind_speed], FINAL",-0.2610155597824626,-0.389361602910172,0.32021180114290404,0.12641864925326018,-0.2626131147676308,0.039598953410516446,0.49575479635092823,relative_humidity,wind_speed,"['relative_humidity', 'wind_speed']",0.0
612,15,7,"[air_temperature, soil_temperature], FINAL",0.9641021083624776,0.9705707647495927,0.959739656542697,0.7789609268105487,0.8545211098341678,0.3566464152737845,0.827879105847667,air_temperature,soil_temperature,"['air_temperature', 'soil_temperature']",0.9
614,15,10,"[air_temperature, global_radiation], FINAL",0.5300523643875024,0.4704295826117838,0.5114818647255766,0.185156119984492,0.34801187562641883,0.06675386028071453,0.3341947933424888,air_temperature,global_radiation,"['air_temperature', 'global_radiation']",0.5
615,15,11,"[air_temperature, relative_humidity], FINAL",-0.5839563862265549,-0.5288062197253361,0.543961260242891,0.24227428562367204,-0.3719185122152691,0.06334943183280481,0.6584660291691284,air_temperature,relative_humidity,"['air_temperature', 'relative_humidity']",0.5
616,15,12,"[air_temperature, relative_humidity], FINAL",-0.5818361618552885,-0.5267108919459511,0.5416271439110824,0.24065116216977164,-0.37351391456381744,0.07546305628404128,0.6232991783773476,air_temperature,relative_humidity,"['air_temperature', 'relative_humidity']",0.5
618,15,15,"[air_temperature, air_temperature], FINAL",1.0,1.0,1.0,0.9999943463534179,1.0,0.9999999997074646,1.0,air_temperature,air_temperature,"['air_temperature', 'air_temperature']",1.0
619,15,16,"[air_temperature, air_temperature], FINAL",0.9991345056253482,0.9991841396537462,0.9987766317718004,0.9660474640280114,0.9807874995069182,0.7378635096362189,0.985144263237975,air_temperature,air_temperature,"['air_temperature', 'air_temperature']",0.8
621,15,19,"[air_temperature, precipitation], FINAL",-0.0018814151615600776,-0.038849998048083624,0.05071386046898792,0.008730717013568616,-0.03142856487541074,0.0,0.0025745026767118873,air_temperature,precipitation,"['air_temperature', 'precipitation']",0.0
622,15,20,"[air_temperature, precipitation], FINAL",-0.00211606968722105,-0.07615078083433628,0.07151126873256818,0.017783200271341323,-0.06085469432501267,0.0,0.011535246777544028,air_temperature,precipitation,"['air_temperature', 'precipitation']",0.0
623,15,21,"[air_temperature, precipitation], FINAL",-0.002177975809018017,-0.07092141887925825,0.07596277360339664,0.022993027865433564,-0.05618337632523183,0.0,0.03339860208528633,air_temperature,precipitation,"['air_temperature', 'precipitation']",0.0
624,15,23,"[air_temperature, wind_speed], FINAL",0.015886658419630353,0.05189754492478298,0.09592814123850907,0.02262245212452488,0.03508452083971455,0.012399966009367866,0.47489222129912523,air_temperature,wind_speed,"['air_temperature', 'wind_speed']",0.0
625,15,24,"[air_temperature, wind_speed], FINAL",0.01601580062908865,0.05702164370125191,0.10380471544972543,0.02853831083820135,0.03864054989044158,0.020635671481285048,0.7241878637194796,air_temperature,wind_speed,"['air_temperature', 'wind_speed']",0.0
694,16,7,"[air_temperature, soil_temperature], FINAL",0.9649388958134386,0.9714463136317625,0.9608448170349365,0.7812049011798085,0.8568731751946564,0.36047319074060263,0.8321692058264408,air_temperature,soil_temperature,"['air_temperature', 'soil_temperature']",0.9
696,16,10,"[air_temperature, global_radiation], FINAL",0.5186271223343534,0.46075582006045784,0.500396079380892,0.17582598327796461,0.34005556211867327,0.07871705561632093,0.354865250039308,air_temperature,global_radiation,"['air_temperature', 'global_radiation']",0.5
697,16,11,"[air_temperature, relative_humidity], FINAL",-0.5828073265635529,-0.5278468091030647,0.5426675925540414,0.24023837031271822,-0.3712018925597722,0.07362927884530915,0.6720700449891559,air_temperature,relative_humidity,"['air_temperature', 'relative_humidity']",0.5
698,16,12,"[air_temperature, relative_humidity], FINAL",-0.5831994276560933,-0.5282153500877552,0.543037135517079,0.24162646446190855,-0.37470659398699707,0.07610030021337773,0.6184539178523676,air_temperature,relative_humidity,"['air_temperature', 'relative_humidity']",0.5
700,16,15,"[air_temperature, air_temperature], FINAL",0.9991345056253482,0.9991841396537463,0.998776631771796,0.9660474640280114,0.9807874995069182,0.7378635096362189,0.985144263237975,air_temperature,air_temperature,"['air_temperature', 'air_temperature']",0.8
701,16,16,"[air_temperature, air_temperature], FINAL",0.9999999999999998,1.0,1.0,0.9999977604143985,0.9999999999999998,0.9999999999023091,1.0,air_temperature,air_temperature,"['air_temperature', 'air_temperature']",1.0
703,16,19,"[air_temperature, precipitation], FINAL",0.0007609020369958054,-0.03604231514920921,0.04816316670999997,0.009052097574082965,-0.029153067426413146,0.0,0.0008213556917435749,air_temperature,precipitation,"['air_temperature', 'precipitation']",0.0
704,16,20,"[air_temperature, precipitation], FINAL",0.0011189535697074928,-0.07427398092818199,0.0692037321068354,0.01785551657304169,-0.05930900717090123,0.0,0.035113291540644354,air_temperature,precipitation,"['air_temperature', 'precipitation']",0.0
705,16,21,"[air_temperature, precipitation], FINAL",-0.002419609037052208,-0.07112686358217717,0.07595087413835666,0.023079107631339222,-0.056348554964284696,0.0,0.03306762151904863,air_temperature,precipitation,"['air_temperature', 'precipitation']",0.0
706,16,23,"[air_temperature, wind_speed], FINAL",0.014485277868273305,0.049680333173660385,0.09508775796532458,0.022309664419704764,0.03364003006642859,0.01885509308095432,0.7437859397987739,air_temperature,wind_speed,"['air_temperature', 'wind_speed']",0.0
707,16,24,"[air_temperature, wind_speed], FINAL",0.01630259340758777,0.057298323563121166,0.10383664242504159,0.028429718209232357,0.038822118873578816,0.020607850276895694,0.7388810017268409,air_temperature,wind_speed,"['air_temperature', 'wind_speed']",0.0
858,19,7,"[precipitation, soil_temperature], FINAL",-0.0021410297597175753,-0.04010981641185644,0.04690686385118851,0.007665657807517685,-0.03247121907622208,0.0,0.0026568567548139743,precipitation,soil_temperature,"['precipitation', 'soil_temperature']",0.0
860,19,10,"[precipitation, global_radiation], FINAL",-0.04791229025251628,-0.07184338855943881,0.08782360848063929,0.013819895737760799,-0.06315228818629598,0.0,0.009234144064180216,precipitation,global_radiation,"['global_radiation', 'precipitation']",0.0
861,19,11,"[precipitation, relative_humidity], FINAL",0.07746102178958623,0.17015361612721847,0.1474018088570651,0.028787925824507746,0.1382255959388838,0.0,0.012765789172649256,precipitation,relative_humidity,"['precipitation', 'relative_humidity']",0.0
862,19,12,"[precipitation, relative_humidity], FINAL",0.07194000038691482,0.16346907939822897,0.13971690480966292,0.025100594268970853,0.13390535905664772,0.0,4.0066838735697274e-12,precipitation,relative_humidity,"['precipitation', 'relative_humidity']",0.0
864,19,15,"[precipitation, air_temperature], FINAL",-0.0018814151615600995,-0.038849998048083645,0.050713860471095336,0.008730717013568616,-0.03142856487541074,0.0,0.0025745026767118873,precipitation,air_temperature,"['air_temperature', 'precipitation']",0.0
865,19,16,"[precipitation, air_temperature], FINAL",0.000760902036995804,-0.03604231514920921,0.0481631667103752,0.009052097574082965,-0.029153067426413142,0.0,0.0008213556917435749,precipitation,air_temperature,"['air_temperature', 'precipitation']",0.0
867,19,19,"[precipitation, precipitation], FINAL",1.0,1.0,1.0,,1.0,0.0,1.0,precipitation,precipitation,"['precipitation', 'precipitation']",1.0
868,19,20,"[precipitation, precipitation], FINAL",0.7027914900101855,0.6761214412109628,0.7843548225945473,0.15167003256073414,0.6645181212481213,0.0,1.1604828209499374e-11,precipitation,precipitation,"['precipitation', 'precipitation']",0.0
869,19,21,"[precipitation, precipitation], FINAL",0.2962939688213581,0.477059824217215,0.5095979007082709,0.08972769332953659,0.4642999352381036,0.0,4.338529535630187e-12,precipitation,precipitation,"['precipitation', 'precipitation']",0.0
870,19,23,"[precipitation, wind_speed], FINAL",0.05140118055849592,0.06943529852140931,0.06682648059506983,0.004722467613378083,0.0567220324089612,0.0,1.9062437697781043e-05,precipitation,wind_speed,"['precipitation', 'wind_speed']",0.0
871,19,24,"[precipitation, wind_speed], FINAL",0.04759075617973862,0.06732617471707004,0.06348216297777531,0.005298667984238548,0.05502305044492194,0.0,0.0020745490908083974,precipitation,wind_speed,"['precipitation', 'wind_speed']",0.0
940,20,7,"[precipitation, soil_temperature], FINAL",-0.0004945572107409608,-0.08245504962966234,0.06916441901328833,0.015990166313939985,-0.06590820165947889,0.0,0.031237669306670823,precipitation,soil_temperature,"['precipitation', 'soil_temperature']",0.0
942,20,10,"[precipitation, global_radiation], FINAL",-0.05913588690024233,-0.10261448223580824,0.11184558854884119,0.025687841789438837,-0.08932141041773148,0.0,0.029553165609524257,precipitation,global_radiation,"['global_radiation', 'precipitation']",0.0
943,20,11,"[precipitation, relative_humidity], FINAL",0.10054277552019987,0.24352397078120364,0.19259770237704782,0.05855069314584951,0.19614261355029453,0.0,0.031074149052515043,precipitation,relative_humidity,"['precipitation', 'relative_humidity']",0.0
944,20,12,"[precipitation, relative_humidity], FINAL",0.09483874744677931,0.23592176982869012,0.18434017238112543,0.05261403671525617,0.19159877889578433,0.0,0.016562092127464956,precipitation,relative_humidity,"['precipitation', 'relative_humidity']",0.0
946,20,15,"[precipitation, air_temperature], FINAL",-0.00211606968722105,-0.07615078083433628,0.07151126873459085,0.017783200271341323,-0.06085469432501267,0.0,0.011535246777544028,precipitation,air_temperature,"['air_temperature', 'precipitation']",0.0
947,20,16,"[precipitation, air_temperature], FINAL",0.0011189535697074928,-0.07427398092818198,0.0692037321058658,0.01785551657304169,-0.05930900717090122,0.0,0.035113291540644354,precipitation,air_temperature,"['air_temperature', 'precipitation']",0.0
949,20,19,"[precipitation, precipitation], FINAL",0.702791490010166,0.6761214412109633,0.7843548225958858,0.15167003256073414,0.6645181212481214,0.0,1.1604828209499374e-11,precipitation,precipitation,"['precipitation', 'precipitation']",0.0
950,20,20,"[precipitation, precipitation], FINAL",1.0,0.9999999999999998,1.0,0.36694980962750723,1.0,0.0,1.0,precipitation,precipitation,"['precipitation', 'precipitation']",1.0
951,20,21,"[precipitation, precipitation], FINAL",0.4070861134808844,0.6942646007456655,0.6653244978332933,0.19538332309679832,0.6743328019879107,0.0,0.00011773454550256801,precipitation,precipitation,"['precipitation', 'precipitation']",0.0
952,20,23,"[precipitation, wind_speed], FINAL",0.05962104958911671,0.09801718704155231,0.08691255683342727,0.009714147209061386,0.07924052568906743,0.0,0.0024347444485985914,precipitation,wind_speed,"['precipitation', 'wind_speed']",0.0
953,20,24,"[precipitation, wind_speed], FINAL",0.06012352760917755,0.10331793711433387,0.0900865719712231,0.011673537193459333,0.08355016571604723,0.0,0.005657532212985927,precipitation,wind_speed,"['precipitation', 'wind_speed']",0.0
1022,21,7,"[precipitation, soil_temperature], FINAL",-0.00832220777781881,-0.08159232190856053,0.0750247584452461,0.020803720992670752,-0.06470095487020996,0.0,0.02880805457530078,precipitation,soil_temperature,"['precipitation', 'soil_temperature']",0.0
1024,21,10,"[precipitation, global_radiation], FINAL",-0.07168082653042311,-0.10088447094365753,0.11205434331990657,0.02461860164994473,-0.08723963648975537,0.0,0.027903146021768355,precipitation,global_radiation,"['global_radiation', 'precipitation']",0.0
1025,21,11,"[precipitation, relative_humidity], FINAL",0.1462109605269578,0.2725557085748428,0.22210357921043938,0.07521541878450216,0.21891172622013305,0.0,0.04033547453582109,precipitation,relative_humidity,"['precipitation', 'relative_humidity']",0.0
1026,21,12,"[precipitation, relative_humidity], FINAL",0.14724771761695363,0.2724740448326242,0.22253892705214232,0.07222316160289995,0.22078735587546364,0.0,0.022849914791129633,precipitation,relative_humidity,"['precipitation', 'relative_humidity']",0.0
1028,21,15,"[precipitation, air_temperature], FINAL",-0.002177975809018017,-0.07092141887925825,0.07596277360357279,0.022993027865433564,-0.05618337632523183,0.0,0.03339860208528633,precipitation,air_temperature,"['air_temperature', 'precipitation']",0.0
1029,21,16,"[precipitation, air_temperature], FINAL",-0.002419609037052208,-0.07112686358217718,0.0759508741384062,0.023079107631339222,-0.0563485549642847,0.0,0.03306762151904863,precipitation,air_temperature,"['air_temperature', 'precipitation']",0.0
1031,21,19,"[precipitation, precipitation], FINAL",0.29629396882135817,0.477059824217215,0.5095979007082061,0.08972769332953659,0.4642999352381036,0.0,4.338529535630187e-12,precipitation,precipitation,"['precipitation', 'precipitation']",0.0
1032,21,20,"[precipitation, precipitation], FINAL",0.4070861134808844,0.6942646007456655,0.6653244978332837,0.19538332309679832,0.6743328019879106,0.0,0.00011773454550256801,precipitation,precipitation,"['precipitation', 'precipitation']",0.0
1033,21,21,"[precipitation, precipitation], FINAL",1.0,1.0,1.0,0.4766151858813148,0.9999999999999999,0.0,1.0,precipitation,precipitation,"['precipitation', 'precipitation']",1.0
1034,21,23,"[precipitation, wind_speed], FINAL",0.05901310169274032,0.12141730728476631,0.09510387378496457,0.015537861566837018,0.09750083713052496,0.0,0.006856696299417653,precipitation,wind_speed,"['precipitation', 'wind_speed']",0.0
1035,21,24,"[precipitation, wind_speed], FINAL",0.08006903512971981,0.13365142336833963,0.10874834156988844,0.017946575298523115,0.1073576070774642,0.0,0.0009530303724566425,precipitation,wind_speed,"['precipitation', 'wind_speed']",0.0
1104,23,7,"[wind_speed, soil_temperature], FINAL",-0.08440143663794052,-0.048265017727544074,0.12405800538807558,0.026918836015264114,-0.030765003848860266,0.0182440339984874,0.761140789452904,wind_speed,soil_temperature,"['soil_temperature', 'wind_speed']",0.0
1106,23,10,"[wind_speed, global_radiation], FINAL",0.11257100544155603,0.21678931267668197,0.1756734006705291,0.04070854142625866,0.1558637236547624,0.021674618629419773,0.2210586482171768,wind_speed,global_radiation,"['global_radiation', 'wind_speed']",0.0
1107,23,11,"[wind_speed, relative_humidity], FINAL",-0.253164942258452,-0.37361207241947,0.3079378391090355,0.10912796063555748,-0.24924828581196107,0.02823620480840075,0.3880149864240098,wind_speed,relative_humidity,"['relative_humidity', 'wind_speed']",0.0
1108,23,12,"[wind_speed, relative_humidity], FINAL",-0.24985518855372843,-0.36744828175618643,0.3032725173213207,0.10683706074092235,-0.24728400977522466,0.03593340187863287,0.5059693380015866,wind_speed,relative_humidity,"['relative_humidity', 'wind_speed']",0.0
1110,23,15,"[wind_speed, air_temperature], FINAL",0.015886658419630353,0.05189754492478298,0.09592814124099198,0.02262245212452488,0.03508452083971455,0.012399966009367583,0.47489222129912523,wind_speed,air_temperature,"['air_temperature', 'wind_speed']",0.0
1111,23,16,"[wind_speed, air_temperature], FINAL",0.014485277868273305,0.04968033317366038,0.09508775796498657,0.022309664419704764,0.03364003006642859,0.01885509308095432,0.7437859397987739,wind_speed,air_temperature,"['air_temperature', 'wind_speed']",0.0
1113,23,19,"[wind_speed, precipitation], FINAL",0.051401180558495005,0.06943529852140949,0.06682648060364223,0.004722467613378083,0.0567220324089612,0.0,1.9062437697781043e-05,wind_speed,precipitation,"['precipitation', 'wind_speed']",0.0
1114,23,20,"[wind_speed, precipitation], FINAL",0.05962104958911671,0.09801718704155232,0.08691255682989606,0.009714147209061386,0.07924052568906742,0.0,0.0024347444485985914,wind_speed,precipitation,"['precipitation', 'wind_speed']",0.0
1115,23,21,"[wind_speed, precipitation], FINAL",0.05901310169274032,0.12141730728476631,0.09510387378373447,0.015537861566837018,0.09750083713052494,0.0,0.006856696299417653,wind_speed,precipitation,"['precipitation', 'wind_speed']",0.0
1116,23,23,"[wind_speed, wind_speed], FINAL",1.0,1.0,1.0,0.9998761082709661,1.0,0.9999999991859638,1.0,wind_speed,wind_speed,"['wind_speed', 'wind_speed']",1.0
1117,23,24,"[wind_speed, wind_speed], FINAL",0.9507312253215937,0.939304559404533,0.9339821031669528,0.6895811528758781,0.8014864479748982,0.2837211061472074,0.9251294334045091,wind_speed,wind_speed,"['wind_speed', 'wind_speed']",0.8
1186,24,7,"[wind_speed, soil_temperature], FINAL",-0.08194573164477399,-0.04093905140812406,0.12793838070748423,0.029614267441021004,-0.025600968558162185,0.01973910201911297,0.7511194975661872,wind_speed,soil_temperature,"['soil_temperature', 'wind_speed']",0.0
1188,24,10,"[wind_speed, global_radiation], FINAL",0.09418433549972448,0.2021711669037767,0.1606532848178162,0.03825019724710234,0.14493828486183988,0.03475021345538439,0.32586058630610437,wind_speed,global_radiation,"['global_radiation', 'wind_speed']",0.0
1189,24,11,"[wind_speed, relative_humidity], FINAL",-0.26003654253170383,-0.3894759274835308,0.3198539299268808,0.12635196147309974,-0.26042587067179485,0.0390581762630243,0.5288774015840845,wind_speed,relative_humidity,"['relative_humidity', 'wind_speed']",0.0
1190,24,12,"[wind_speed, relative_humidity], FINAL",-0.2610155597824626,-0.389361602910172,0.3202118011429229,0.12641864925326018,-0.2626131147676308,0.039598953410516134,0.49575479635092823,wind_speed,relative_humidity,"['relative_humidity', 'wind_speed']",0.0
1192,24,15,"[wind_speed, air_temperature], FINAL",0.01601580062908865,0.05702164370125191,0.10380471544994418,0.02853831083820135,0.038640549890441585,0.02063567148128443,0.7241878637194796,wind_speed,air_temperature,"['air_temperature', 'wind_speed']",0.0
1193,24,16,"[wind_speed, air_temperature], FINAL",0.01630259340758777,0.057298323563121166,0.1038366424252258,0.028429718209232357,0.038822118873578816,0.020607850276895694,0.7388810017268409,wind_speed,air_temperature,"['air_temperature', 'wind_speed']",0.0
1195,24,19,"[wind_speed, precipitation], FINAL",0.04759075617973854,0.06732617471707003,0.06348216297282333,0.005298667984238548,0.055023050444921937,0.0,0.0020745490908083974,wind_speed,precipitation,"['precipitation', 'wind_speed']",0.0
1196,24,20,"[wind_speed, precipitation], FINAL",0.06012352760917755,0.10331793711433387,0.09008657197352458,0.011673537193459333,0.08355016571604723,0.0,0.005657532212985927,wind_speed,precipitation,"['precipitation', 'wind_speed']",0.0
1197,24,21,"[wind_speed, precipitation], FINAL",0.08006903512971981,0.13365142336833963,0.10874834156927735,0.017946575298523115,0.1073576070774642,0.0,0.0009530303724566425,wind_speed,precipitation,"['precipitation', 'wind_speed']",0.0
1198,24,23,"[wind_speed, wind_speed], FINAL",0.9507312253215937,0.939304559404533,0.9339821031669092,0.6895811528758781,0.8014864479748982,0.283721106147208,0.9251294334045091,wind_speed,wind_speed,"['wind_speed', 'wind_speed']",0.8
1199,24,24,"[wind_speed, wind_speed], FINAL",0.9999999999999936,0.9999999999999999,1.0,0.999963584705815,1.0,0.9999999997882298,1.0,wind_speed,wind_speed,"['wind_speed', 'wind_speed']",1.0
